,year,lowbrth,infmort,afdcprt,popul,pcinc,physic,afdcprc,d90,lpcinc,cafdcprc,clpcinc,lphysic,clphysic,clowbrth,cinfmort,afdcpay,afdcinc,lafdcpay,clafdcpy,cafdcinc,stateabb,state,beds,bedspc,lbedspc,clbedspc,povrate,cpovrate,afdcpsq,cafdcpsq,physicpc,lphypc,clphypc,lpopul,clpopul
0,1987,8.0,12.2,132,4084,12039,151,3.2321253,0,9.395906,,,5.0172796,,,,114,0.9469225,4.7361984,,,AL,alabama,24.2,0.005925563,-5.1284795,,21.3,,10.446634,,0.036973555,-3.2975523,,8.314832,
1,1990,8.4,10.8,132,4041,14899,158,3.266518,1,9.60905,0.034392834,0.21314335,5.062595,0.045315266,0.39999962,-1.3999996,115,0.7718639,4.744932,0.008733749,-0.1750586,AL,alabama,23.5,0.0058153924,-5.147247,-0.018767357,19.2,-2.0999985,10.67014,0.22350597,0.03909923,-3.2416525,0.05589986,8.304248,-0.010583878
2,1987,4.8,10.4,19,524,18461,138,3.6259542,0,9.823416,,,4.9272537,,,,567,3.0713396,6.340359,,,AK,alaska,2.0,0.003816794,-5.5683446,,12.0,,13.147544,,0.26335877,-1.334238,,6.261492,
3,1990,4.8,10.5,24,550,20867,146,4.3636365,1,9.945924,0.73768234,0.12250805,4.983607,0.056353092,0.0,0.10000038,651,3.1197584,6.4785094,0.13815022,0.04841876,AK,alaska,2.0,0.0036363637,-5.616771,-0.048426628,11.4,-0.6000004,19.041323,5.893779,0.26545453,-1.3263117,0.007926345,6.3099184,0.048426628
4,1987,6.4,9.5,91,3400,14322,191,2.6764705,0,9.569552,,,5.2522736,,,,268,1.871247,5.590987,,,AZ,arizona,13.4,0.0039411765,-5.536276,,12.8,,7.1634946,,0.05617647,-2.8792572,,8.131531,
5,1990,6.4,8.8,144,3665,16169,197,3.9290586,1,9.690851,1.252588,0.12129879,5.2832036,0.030930042,0.0,-0.6999998,268,1.6574928,5.590987,0.0,-0.2137543,AZ,arizona,13.3,0.0036289224,-5.6188197,-0.08254385,13.7,0.8999996,15.437501,8.274006,0.053751707,-2.92338,-0.044122696,8.206584,0.075053215
6,1987,7.7,10.3,67,2388,11421,144,2.805695,0,9.343209,,,4.9698133,,,,185,1.6198231,5.220356,,,AR,arkansas,13.0,0.005443886,-5.213262,,21.8,,7.871925,,0.06030151,-2.8083982,,7.7782116,
7,1990,8.2,9.2,73,2351,14037,150,3.1050618,1,9.549452,0.2993667,0.20624256,5.0106354,0.04082203,0.5,-1.1000004,190,1.3535656,5.247024,0.026668072,-0.26625752,AR,arkansas,12.9,0.0054870266,-5.205369,0.0078930855,19.6,-2.1999989,9.641409,1.769484,0.06380264,-2.7519608,0.056437492,7.762596,-0.015615463
8,1987,6.0,9.0,1708,27653,17770,242,6.176545,0,9.785267,,,5.488938,,,,557,3.1344965,6.322565,,,CA,california,107.6,0.0038910788,-5.549069,,12.3,,38.14971,,0.008751311,-4.7385516,,10.227489,
9,1990,5.8,7.9,2023,29760,20547,244,6.797715,1,9.93047,0.62117004,0.14520359,5.497168,0.008230209,-0.19999981,-1.0999999,637,3.1002092,6.4567695,0.13420439,-0.034287214,CA,california,105.7,0.0035517472,-5.6403155,-0.091246605,13.9,1.5999994,46.20893,8.059219,0.008198924,-4.8037524,-0.065200806,10.3009205,0.073431015
10,1987,7.9,9.8,94,3293,15680,202,2.8545399,0,9.660141,,,5.3082676,,,,312,1.9897959,5.7430034,,,CO,colorado,14.1,0.00428181,-5.4533796,,12.5,,8.148397,,0.06134224,-2.7912867,,8.099554,
11,1990,8.0,8.8,109,3294,18795,211,3.3090467,1,9.841346,0.45450687,0.1812048,5.351858,0.043590546,0.099999905,-1.0,320,1.7025805,5.768321,0.025317669,-0.28721547,CO,colorado,13.7,0.004159077,-5.482462,-0.029082298,13.7,1.1999998,10.94979,2.8013926,0.06405586,-2.7479997,0.04328704,8.099858,0.0003042221
12,1987,6.7,8.8,107,3212,21258,293,3.3312578,0,9.964489,,,5.6801724,,,,478,2.2485652,6.1696105,,,CT,connect,15.3,0.004763387,-5.3467965,,6.6,,11.097279,,0.09122042,-2.3944764,,8.074649,
13,1990,6.6,7.9,135,3287,25528,305,4.1070886,1,10.1475315,0.77583075,0.18304253,5.7203116,0.0401392,-0.099999905,-0.9000001,571,2.2367597,6.347389,0.17777872,-0.011805534,CT,connect,14.3,0.004350472,-5.437471,-0.0906744,6.0,-0.5999999,16.868177,5.770899,0.09278978,-2.3774188,0.017057657,8.097731,0.02308178
14,1987,6.7,11.7,20,648,16305,191,3.0864198,0,9.699227,,,5.2522736,,,,261,1.600736,5.5645204,,,DE,delaware,3.4,0.0052469135,-5.2501154,,6.6,,9.525988,,0.29475307,-1.2216173,,6.473891,
15,1990,7.6,10.1,22,666,20709,199,3.3033032,1,9.938324,0.21688342,0.23909664,5.293305,0.04103136,0.9000001,-1.5999994,292,1.410015,5.676754,0.11223364,-0.19072104,DE,delaware,2.8,0.0042042043,-5.47167,-0.22155476,6.9,0.3000002,10.911813,1.3858252,0.2987988,-1.2079848,0.013632536,6.50129,0.027399063
16,1987,7.7,10.6,307,12022,15594,203,2.5536516,0,9.654641,,,5.313206,,,,236,1.5134026,5.463832,,,FL,florida,60.9,0.005065713,-5.28526,,12.4,,6.5211363,,0.016885709,-4.081288,,9.394494,
17,1990,7.4,9.6,420,12938,18606,208,3.2462513,1,9.83124,0.6925998,0.17659855,5.3375382,0.024332047,-0.2999997,-1.0,263,1.4135225,5.572154,0.10832214,-0.0998801,FL,florida,62.8,0.0048539187,-5.327969,-0.042708874,14.4,2.0,10.538148,4.0170116,0.016076673,-4.130386,-0.049098015,9.467924,0.07343006
18,1987,8.2,12.7,244,6227,14387,167,3.9184198,0,9.57408,,,5.117994,,,,237,1.6473205,5.46806,,,GA,georgia,35.1,0.005636743,-5.1784487,,14.6,,15.354014,,0.026818693,-3.6186562,,8.7366495,
19,1990,8.7,12.4,320,6478,17041,175,4.9397964,1,9.743378,1.0213766,0.16929722,5.164786,0.04679203,0.5,-0.3000002,265,1.555073,5.57973,0.11167002,-0.092247486,GA,georgia,34.9,0.0053874655,-5.22368,-0.045231342,15.8,1.1999998,24.401588,9.047574,0.02701451,-3.611381,0.0072751045,8.776167,0.039517403
20,1987,7.0,8.9,41,1082,15569,225,3.7892792,0,9.653037,,,5.4161005,,,,410,2.6334383,6.016157,,,HI,hawaii,3.8,0.0035120146,-5.6515656,,8.8,,14.358637,,0.20794824,-1.570466,,6.9865665,
21,1990,7.1,6.7,44,1108,20461,236,3.9711192,1,9.926276,0.18183994,0.27323914,5.463832,0.0477314,0.099999905,-2.1999998,581,2.8395483,6.364751,0.3485937,0.20611,HI,hawaii,4.1,0.003700361,-5.5993247,0.05224085,11.0,2.1999998,15.769788,1.4111509,0.2129964,-1.5464801,0.023985982,7.010312,0.023745537
22,1987,5.6,10.4,18,1000,11797,120,1.8,0,9.375601,,,4.787492,,,,259,2.1954734,5.556828,,,ID,idaho,4.0,0.004,-5.521461,,15.1,,3.2399998,,0.12,-2.1202636,,6.9077554,
23,1990,5.7,8.7,17,1007,15137,125,1.6881827,1,9.624897,-0.11181724,0.24929619,4.828314,0.04082203,0.099999905,-1.6999998,266,1.7572834,5.583496,0.026668072,-0.43818998,ID,idaho,3.9,0.0038728898,-5.5537543,-0.03229332,14.9,-0.20000076,2.8499608,-0.39003897,0.12413108,-2.0864172,0.03384638,6.914731,0.006975651
24,1987,7.4,11.6,681,11584,16394,210,5.8787985,0,9.704671,,,5.3471074,,,,308,1.8787361,5.7300997,,,IL,illinois,62.3,0.0053781075,-5.2254186,,14.4,,34.560272,,0.018128453,-4.0102725,,9.35738,
25,1990,7.6,10.7,656,11431,20327,212,5.7387805,1,9.919705,-0.14001799,0.21503448,5.3565865,0.009479046,0.19999981,-0.9000006,342,1.6824913,5.8348107,0.104711056,-0.19624484,IL,illinois,57.7,0.0050476776,-5.288827,-0.063408375,13.7,-0.6999998,32.9336,-1.6266708,0.01854606,-3.987498,0.022774458,9.344084,-0.013296127
26,1987,6.5,10.1,150,5530,13987,151,2.7124774,0,9.545883,,,5.0172796,,,,241,1.7230285,5.484797,,,IN,indiana,28.5,0.005153707,-5.2680387,,11.1,,7.357534,,0.027305605,-3.6006632,,8.617943,
27,1990,6.6,9.6,164,5544,16814,157,2.958153,1,9.729967,0.24567556,0.18408394,5.056246,0.03896618,0.099999905,-0.5,263,1.5641727,5.572154,0.087357044,-0.1588558,IN,indiana,26.4,0.0047619045,-5.3471074,-0.07906866,13.0,1.8999996,8.7506695,1.3931355,0.028318902,-3.5642257,0.03643751,8.620472,0.0025291443
28,1987,5.1,9.1,104,2823,14028,145,3.684024,0,9.548811,,,4.9767337,,,,349,2.4878814,5.855072,,,IA,iowa,17.8,0.0063053486,-5.066357,,14.5,,13.572034,,0.051363796,-2.9688218,,7.945555,
29,1990,5.4,8.1,96,2777,16848,151,3.456968,1,9.731987,-0.22705603,0.18317604,5.0172796,0.04054594,0.3000002,-1.0,371,2.2020419,5.916202,0.061130047,-0.28583956,IA,iowa,17.2,0.0061937347,-5.084217,-0.017859936,10.4,-4.1000004,11.950628,-1.6214056,0.054375224,-2.9118466,0.056975126,7.9291263,-0.016428947
30,1987,6.4,9.5,67,2475,15089,169,2.7070706,0,9.621721,,,5.1298985,,,,325,2.153887,5.7838254,,,KS,kansas,16.7,0.006747475,-4.998587,,9.2,,7.3282313,,0.06828283,-2.684097,,7.813996,
31,1990,6.2,8.4,77,2478,17768,175,3.1073446,1,9.785154,0.40027404,0.16343307,5.164786,0.034887314,-0.20000029,-1.1000004,332,1.8685277,5.805135,0.021309376,-0.28535938,KS,kansas,16.1,0.0064971754,-5.036388,-0.03780079,10.3,1.1000004,9.655591,2.3273597,0.07062147,-2.6504211,0.03367591,7.815207,0.0012111664
32,1987,6.8,9.7,155,3723,11996,161,4.163309,0,9.392328,,,5.081404,,,,194,1.6172057,5.267858,,,KY,kentucky,19.4,0.0052108513,-5.257012,,17.3,,17.333143,,0.043244693,-3.1408808,,8.222285,
33,1990,7.1,8.5,204,3685,14984,168,5.5359564,1,9.614738,1.3726473,0.2224102,5.123964,0.042559624,0.2999997,-1.1999998,224,1.4949279,5.411646,0.14378786,-0.122277856,KY,kentucky,19.0,0.005156038,-5.2675867,-0.010574818,17.3,0.0,30.646812,13.313669,0.04559023,-3.0880618,0.052819014,8.212026,-0.010259628
34,1987,8.7,11.8,271,4448,11506,184,6.092626,0,9.350624,,,5.214936,,,,167,1.4514166,5.117994,,,LA,louisiana,26.6,0.005980216,-5.1192985,,25.1,,37.120094,,0.041366905,-3.1852741,,8.400209,
35,1990,9.2,11.1,279,4220,14300,188,6.6113744,1,9.568015,0.5187483,0.21739101,5.236442,0.02150631,0.5,-0.6999998,167,1.1678321,5.117994,0.0,-0.28358448,LA,louisiana,23.9,0.005663507,-5.173712,-0.05441332,23.6,-1.5,43.71027,6.5901756,0.044549763,-3.1111484,0.07412577,8.34759,-0.05261898
36,1987,5.4,8.3,52,1186,13996,173,4.3844857,0,9.546527,,,5.1532917,,,,360,2.5721636,5.886104,,,ME,maine,6.1,0.005143339,-5.270053,,11.7,,19.223715,,0.14586847,-1.92505,,7.0783415,
37,1990,5.1,6.2,62,1228,17125,178,5.04886,1,9.748295,0.66437435,0.20176792,5.1817837,0.028491974,-0.3000002,-2.1000004,422,2.4642336,6.0450053,0.15890121,-0.107929945,ME,maine,5.6,0.0045602606,-5.3903756,-0.120322704,13.1,1.4000006,25.490988,6.267273,0.14495113,-1.9313586,-0.0063085556,7.113142,0.03480053
38,1987,7.8,11.5,176,4536,18217,325,3.8800704,0,9.81011,,,5.7838254,,,,318,1.7456223,5.7620516,,,MD,maryland,21.3,0.004695767,-5.361094,,9.2,,15.054947,,0.07164903,-2.6359756,,8.419801,
39,1990,7.8,9.5,198,4781,21915,334,4.141393,1,9.994926,0.26132274,0.18481636,5.811141,0.027315617,0.0,-2.0,370,1.6883413,5.913503,0.15145159,-0.057281017,MD,maryland,20.4,0.0042668898,-5.45687,-0.09577608,9.9,0.6999998,17.151138,2.0961914,0.06985986,-2.661264,-0.025288343,8.472405,0.052604675
40,1987,5.7,7.2,234,5856,19131,322,3.9959016,0,9.859065,,,5.7745514,,,,500,2.6135592,6.214608,,,MA,mass,37.4,0.006386612,-5.053551,,8.2,,15.96723,,0.05498634,-2.9006705,,8.675222,
41,1990,5.9,7.0,282,6016,22558,337,4.6875,1,10.023845,0.6915984,0.16477966,5.820083,0.04553175,0.20000029,-0.19999981,556,2.4647574,6.3207684,0.106160164,-0.1488018,MA,mass,33.5,0.005568484,-5.1906323,-0.13708115,10.7,2.5,21.972656,6.0054264,0.056017287,-2.8820949,0.018575668,8.702178,0.026955605
42,1987,7.2,10.7,642,9205,15558,180,6.9744706,0,9.65233,,,5.192957,,,,473,3.0402365,6.1590953,,,MI,michigan,43.1,0.0046822377,-5.3639793,,12.2,,48.64324,,0.01955459,-3.9345453,,9.127502,
43,1990,7.6,10.7,684,9295,18297,185,7.358795,1,9.814492,0.38432455,0.16216183,5.220356,0.027399063,0.4000001,0.0,464,2.535935,6.1398845,-0.019210815,-0.50430155,MI,michigan,40.7,0.0043786983,-5.4310036,-0.06702423,14.3,2.1000004,54.151867,5.508625,0.019903174,-3.916876,0.0176692,9.137232,0.009729385
44,1987,5.0,8.7,161,4244,15789,212,3.793591,0,9.6670685,,,5.3565865,,,,509,3.2237635,6.232448,,,MN,minnes,25.9,0.0061027333,-5.0990186,,11.3,,14.391333,,0.049952876,-2.9966753,,8.353262,
45,1990,5.1,7.3,177,4375,18690,220,4.0457144,1,9.835744,0.25212336,0.16867542,5.3936276,0.037041187,0.099999905,-1.3999996,512,2.7394328,6.2383246,0.005876541,-0.48433065,MN,minnes,24.6,0.0056228573,-5.1809154,-0.08189678,12.0,0.6999998,16.367805,1.9764729,0.050285716,-2.9900343,0.006640911,8.383662,0.030400276
46,1987,9.0,13.7,176,2624,10301,125,6.707317,0,9.239996,,,4.828314,,,,117,1.135812,4.762174,,,MS,mississ,17.4,0.0066310973,-5.015985,,25.0,,44.9881,,0.047637194,-3.0441415,,7.872455,
47,1990,9.6,12.1,176,2573,12700,133,6.8402643,1,9.449357,0.13294744,0.20936108,4.890349,0.062035084,0.6000004,-1.5999994,120,0.9448819,4.787492,0.025317669,-0.19093013,MS,mississ,17.2,0.006684804,-5.0079184,0.008066654,25.7,0.70000076,46.789215,1.801117,0.051690634,-2.9624786,0.08166289,7.852828,-0.019627094
48,1987,7.0,10.2,200,5107,14630,190,3.9161935,0,9.59083,,,5.247024,,,,264,1.8045113,5.575949,,,MO,missouri,30.8,0.0060309377,-5.1108527,,14.0,,15.336572,,0.037203837,-3.2913435,,8.538367,
49,1990,7.1,9.4,218,5117,17347,196,4.2603087,1,9.761175,0.34411526,0.1703453,5.278115,0.031090736,0.099999905,-0.8000002,274,1.5795238,5.613128,0.037178993,-0.2249875,MO,missouri,29.6,0.0057846396,-5.1525493,-0.04169655,13.4,-0.6000004,18.15023,2.8136587,0.038303692,-3.262209,0.029134512,8.540323,0.001955986
50,1987,5.5,10.0,29,909,12304,150,3.190319,0,9.41768,,,5.0106354,,,,356,2.893368,5.874931,,,MT,montana,4.9,0.0053905393,-5.2231097,,18.0,,10.178136,,0.1650165,-1.8017098,,6.812345,
51,1990,6.2,9.0,29,799,14663,158,3.6295369,1,9.593082,0.4392178,0.17540264,5.062595,0.051959515,0.6999998,-1.0,344,2.346041,5.8406415,-0.03428936,-0.54732704,MT,montana,4.9,0.006132666,-5.0941257,0.12898397,16.3,-1.7000008,13.173538,2.9954023,0.19774719,-1.6207659,0.18094385,6.683361,-0.12898397
52,1987,5.5,8.6,43,1594,14100,168,2.697616,0,9.55393,,,5.123964,,,,316,2.2411346,5.755742,,,NE,nebraska,11.1,0.006963614,-4.9670568,,11.9,,7.2771325,,0.105395235,-2.250038,,7.374002,
53,1990,5.3,8.3,44,1578,17276,172,2.7883396,1,9.757073,0.090723515,0.20314312,5.1474943,0.023530483,-0.19999981,-0.3000002,336,1.9448947,5.817111,0.061368942,-0.29623997,NE,nebraska,10.4,0.0065906206,-5.0221076,-0.05505085,10.3,-1.5999994,7.774838,0.49770546,0.10899873,-2.216419,0.033618927,7.3639135,-0.010088444
54,1987,6.9,9.6,17,1006,16359,158,1.6898608,0,9.702534,,,5.062595,,,,247,1.5098722,5.5093884,,,NV,nevada,4.1,0.0040755467,-5.5027504,,10.4,,2.8556297,,0.15705766,-1.8511423,,6.9137373,
55,1990,7.2,8.4,25,1202,19680,159,2.079867,1,9.887358,0.39000607,0.18482399,5.0689044,0.0063095093,0.2999997,-1.2000008,278,1.4126016,5.627621,0.11823273,-0.09727061,NV,nevada,4.2,0.0034941763,-5.6566577,-0.1539073,9.8,-0.5999994,4.325846,1.4702165,0.13227953,-2.0228379,-0.17169559,7.091742,0.17800474
56,1987,4.9,7.8,11,1056,18083,186,1.0416666,0,9.802728,,,5.2257466,,,,366,2.0240004,5.902633,,,NH,newhampshire,4.8,0.004545455,-5.3936276,,4.8,,1.0850694,,0.17613636,-1.7364968,,6.9622436,
57,1990,4.9,7.1,21,1109,21051,200,1.8935978,1,9.954703,0.8519312,0.15197563,5.2983174,0.0725708,0.0,-0.7000003,431,2.0474086,6.066108,0.16347504,0.023408175,NH,newhampshire,4.9,0.004418395,-5.421979,-0.028351307,6.3,1.5,3.5857127,2.5006433,0.18034264,-1.7128967,0.023600101,7.011214,0.048970222
58,1987,7.0,9.4,320,7674,20277,234,4.1699243,0,9.917242,,,5.4553213,,,,350,1.7260936,5.857933,,,NJ,newjers,39.4,0.00513422,-5.271827,,8.3,,17.388268,,0.030492572,-3.490272,,8.945593,
59,1990,7.0,9.0,323,7730,24977,246,4.1785254,1,10.1257105,0.008601189,0.20846844,5.5053315,0.050010204,0.0,-0.39999962,352,1.4092965,5.8636312,0.005698204,-0.31679714,NJ,newjers,38.2,0.0049417852,-5.3100286,-0.038201332,9.2,0.8999996,17.460075,0.07180786,0.031824064,-3.4475327,0.04273939,8.952864,0.007270813
60,1987,7.1,8.1,60,1496,11889,173,4.010695,0,9.3833685,,,5.1532917,,,,235,1.9766171,5.4595857,,,NM,newmexico,6.7,0.0044786097,-5.4084425,,19.4,,16.085674,,0.11564171,-2.1572585,,7.31055,
61,1990,7.4,9.0,67,1515,14124,183,4.4224424,1,9.555631,0.41174746,0.17226219,5.209486,0.056194305,0.3000002,0.8999996,273,1.9328802,5.609472,0.14988613,-0.043736935,NM,newmexico,6.6,0.0043564355,-5.436101,-0.027658463,20.9,1.5,19.557997,3.4723225,0.120792076,-2.1136847,0.043573856,7.3231707,0.012620449
62,1987,7.6,10.7,1019,17835,17943,307,5.713485,0,9.794955,,,5.7268476,,,,495,2.758736,6.204558,,,NY,newyork,110.0,0.006167648,-5.0884376,,14.3,,32.64391,,0.017213345,-4.0620704,,9.7889185,
63,1990,7.6,9.6,1031,17990,22068,315,5.730962,1,10.0018835,0.017477036,0.20692825,5.7525725,0.025724888,0.0,-1.0999994,556,2.5194852,6.3207684,0.11621046,-0.23925066,NY,newyork,104.3,0.0057976656,-5.1503,-0.06186247,14.3,0.0,32.84392,0.2000122,0.017509727,-4.0449986,0.017071724,9.797571,0.008652687
64,1987,7.9,11.9,171,6409,13353,179,2.668123,0,9.499496,,,5.187386,,,,239,1.78986,5.4764633,,,NC,northcaro,29.7,0.0046341084,-5.3743114,,13.8,,7.1188803,,0.027929474,-3.5780728,,8.765458,
65,1990,8.0,10.6,255,6629,16383,190,3.846734,1,9.7039995,1.178611,0.20450306,5.247024,0.059638023,0.099999905,-1.2999992,237,1.4466215,5.46806,-0.008403301,-0.34323847,NC,northcaro,30.1,0.004540655,-5.394684,-0.02037239,13.0,-0.8000002,14.797363,7.678483,0.02866194,-3.552185,0.025887728,8.79921,0.033751488
66,1987,4.9,8.7,15,671,12825,167,2.2354693,0,9.459151,,,5.117994,,,,345,2.6900585,5.8435445,,,ND,northdak,5.9,0.008792846,-4.7338166,,11.4,,4.997323,,0.24888226,-1.3907753,,6.508769,
67,1990,5.5,8.0,16,639,15158,170,2.5039124,1,9.626284,0.2684431,0.16713238,5.1357985,0.017804623,0.5999999,-0.6999998,359,2.3683863,5.8833222,0.039777756,-0.3216722,ND,northdak,5.2,0.008137715,-4.811246,-0.077429295,13.7,2.3000002,6.2695775,1.2722545,0.26604068,-1.3241061,0.066669226,6.4599047,-0.048864365
68,1987,6.6,9.3,648,10816,14575,191,5.991124,0,9.587063,,,5.2522736,,,,299,2.051458,5.7004437,,,OH,ohio,56.5,0.0052237427,-5.254541,,12.7,,35.89357,,0.017659023,-4.0365086,,9.288782,
69,1990,7.1,9.8,657,10847,17422,196,6.0569744,1,9.765489,0.06585026,0.17842579,5.278115,0.025841236,0.5,0.5,328,1.8826771,5.7930136,0.09256983,-0.1687808,OH,ohio,52.1,0.0048031714,-5.338479,-0.08393812,11.5,-1.1999998,36.68694,0.7933693,0.018069513,-4.0135293,0.02297926,9.291644,0.0028619766
70,1987,6.7,9.6,101,3259,12607,145,3.0991101,0,9.442007,,,4.9767337,,,,277,2.197192,5.6240177,,,OK,oklahoma,16.2,0.00497085,-5.3041644,,17.0,,9.604484,,0.044492174,-3.112442,,8.089175,
71,1990,6.6,9.2,129,3146,15154,147,4.100445,1,9.6260195,1.0013347,0.18401241,4.9904327,0.013699055,-0.099999905,-0.40000057,279,1.8410981,5.6312118,0.007194042,-0.35609388,OK,oklahoma,14.9,0.004736173,-5.3525257,-0.0483613,15.6,-1.3999996,16.813648,7.2091646,0.046726,-3.0634546,0.04898739,8.053887,-0.035287857
72,1987,5.4,10.4,81,2723,13906,196,2.9746604,0,9.540075,,,5.278115,,,,334,2.401841,5.811141,,,OR,oregon,10.3,0.0037825927,-5.5773454,,14.2,,8.848604,,0.07197943,-2.6313748,,7.9094896,
73,1990,5.0,8.3,99,2842,17038,205,3.4834623,1,9.743201,0.50880194,0.20312595,5.32301,0.044895172,-0.4000001,-2.0999994,374,2.1950934,5.924256,0.113114834,-0.20674753,OR,oregon,10.4,0.0036593946,-5.6104574,-0.03311205,9.2,-5.0,12.13451,3.2859058,0.072132304,-2.6292534,0.0021214485,7.9522634,0.042773724
74,1987,6.9,10.4,539,11942,15198,227,4.5134816,0,9.628919,,,5.42495,,,,335,2.2042375,5.8141303,,,PA,pennsyl,70.7,0.005920281,-5.129371,,10.6,,20.371517,,0.019008541,-3.9628668,,9.387816,
75,1990,7.1,9.6,549,11882,18725,235,4.6204343,1,9.837615,0.10695267,0.20869637,5.4595857,0.034635544,0.19999981,-0.79999924,382,2.0400534,5.9454207,0.13129044,-0.1641841,PA,pennsyl,68.5,0.0057650227,-5.1559463,-0.026575089,11.0,0.39999962,21.348413,0.9768963,0.019777816,-3.9231944,0.039672375,9.38278,-0.005036354
76,1987,6.0,8.4,42,986,15683,244,4.259635,0,9.660333,,,5.497168,,,,433,2.7609513,6.070738,,,RI,rhode,5.1,0.005172414,-5.2644157,,8.1,,18.14449,,0.24746451,-1.3964881,,6.8936563,
77,1990,6.2,8.1,52,1003,18771,254,5.184447,1,9.840069,0.92481184,0.17973614,5.5373344,0.040166378,0.19999981,-0.29999924,499,2.658356,6.212606,0.14186811,-0.10259533,RI,rhode,4.4,0.0043868395,-5.4291463,-0.16473055,7.5,-0.6000004,26.878489,8.733999,0.2532403,-1.3734165,0.023071527,6.910751,0.017094612
78,1987,8.6,12.7,122,3426,12078,156,3.5610042,0,9.399141,,,5.049856,,,,187,1.5482696,5.2311087,,,SC,southcaro,15.1,0.0044074724,-5.4244537,,15.6,,12.680751,,0.04553415,-3.0892928,,8.139149,
79,1990,8.7,11.7,118,3487,15043,161,3.3839977,1,9.618668,-0.17700648,0.21952629,5.081404,0.031548023,0.09999943,-1.0,203,1.3494649,5.313206,0.08209753,-0.19880474,SC,southcaro,14.6,0.0041869804,-5.4757752,-0.051321507,16.2,0.6000004,11.45144,-1.229311,0.046171494,-3.0753927,0.013900042,8.156797,0.017648697
80,1987,5.2,9.9,18,709,12414,138,2.5387871,0,9.42658,,,4.9272537,,,,268,2.1588528,5.590987,,,SD,southdak,5.7,0.008039492,-4.8233895,,15.2,,6.4454403,,0.19464034,-1.6366018,,6.5638556,
81,1990,5.1,10.1,19,696,15566,140,2.729885,1,9.652844,0.19109797,0.226264,4.9416423,0.014388561,-0.099999905,0.20000076,272,1.7473981,5.605802,0.014814854,-0.41145468,SD,southdak,5.4,0.0077586207,-4.8589506,-0.035561085,13.3,-1.8999996,7.452273,1.0068326,0.20114942,-1.6037073,0.032894492,6.5453496,-0.01850605
82,1987,8.1,11.7,181,4855,12977,187,3.7281153,0,9.470934,,,5.2311087,,,,149,1.1481853,5.0039463,,,TN,tennessee,30.2,0.0062203915,-5.079922,,16.9,,13.898844,,0.038516995,-3.2566557,,8.487764,
83,1990,8.2,10.3,230,4877,15869,196,4.716014,1,9.672123,0.9878986,0.20118904,5.278115,0.04700613,0.09999943,-1.3999996,186,1.1720965,5.2257466,0.22180033,0.023911238,TN,tennessee,29.6,0.006069305,-5.1045113,-0.024589062,16.9,0.0,22.240788,8.341944,0.04018864,-3.214171,0.04248476,8.492286,0.00452137
84,1987,6.9,9.1,500,16781,13840,169,2.9795601,0,9.535318,,,5.1298985,,,,169,1.2210983,5.1298985,,,TX,texas,80.9,0.0048209284,-5.334789,,17.6,,8.877779,,0.0100709135,-4.598104,,9.728003,
85,1990,6.9,8.1,673,16987,16600,175,3.9618533,1,9.717158,0.9822931,0.18183994,5.164786,0.034887314,0.0,-1.0,165,0.9939759,5.1059456,-0.023952961,-0.22712243,TX,texas,78.9,0.0046447283,-5.3720226,-0.03723383,15.9,-1.7000008,15.696281,6.8185024,0.010301996,-4.5754175,0.022686481,9.740204,0.012201309
86,1987,5.7,8.8,44,1680,11530,177,2.6190476,0,9.352708,,,5.17615,,,,344,2.9835212,5.8406415,,,UT,utah,5.9,0.0035119047,-5.6515965,,10.2,,6.859411,,0.10535714,-2.2503994,,7.426549,
87,1990,5.7,7.5,47,1723,14036,185,2.7278004,1,9.54938,0.10875273,0.19667244,5.220356,0.044206142,0.0,-1.3000002,347,2.4722142,5.8493247,0.008683205,-0.511307,UT,utah,5.6,0.0032501451,-5.7290554,-0.07745886,8.2,-2.0,7.440895,0.5814843,0.10737087,-2.2314663,0.018933058,7.4518223,0.025273323
88,1987,5.3,8.5,20,547,14267,244,3.6563072,0,9.565704,,,5.497168,,,,454,3.1821687,6.1180973,,,VT,vermont,2.5,0.004570384,-5.388158,,9.3,,13.368583,,0.44606948,-0.80728054,,6.3044486,
89,1990,5.3,6.4,25,563,17630,253,4.4404974,1,9.777357,0.7841902,0.21165276,5.5333896,0.036221504,0.0,-2.1,527,2.989223,6.2672005,0.14910316,-0.19294572,VT,vermont,2.3,0.0040852576,-5.5003705,-0.11221266,10.9,1.5999994,19.718018,6.349435,0.44937834,-0.7998901,0.0073904395,6.3332796,0.028831005
90,1987,6.9,10.2,145,5914,16539,204,2.4518092,0,9.713476,,,5.31812,,,,255,1.5418103,5.5412636,,,VA,virginia,30.2,0.005106527,-5.277236,,9.9,,6.0113683,,0.03449442,-3.3669577,,8.685078,
91,1990,7.2,10.2,158,6187,19679,213,2.5537417,1,9.887307,0.101932526,0.17383099,5.3612924,0.04317236,0.2999997,0.0,265,1.3466132,5.57973,0.038466454,-0.1951971,VA,virginia,29.2,0.0047195735,-5.3560367,-0.07880068,11.1,1.2000008,6.5215964,0.51022816,0.034427024,-3.3689134,-0.0019557476,8.730206,0.04512787
92,1987,5.3,9.7,208,4542,15634,206,4.57948,0,9.657204,,,5.327876,,,,441,2.8207753,6.089045,,,WA,washington,16.5,0.0036327608,-5.6177626,,10.0,,20.971638,,0.04535447,-3.0932465,,8.421123,
93,1990,5.3,7.8,237,4867,18738,213,4.8695292,1,9.838309,0.29004908,0.18110561,5.3612924,0.03341627,0.0,-1.8999996,452,2.4122105,6.1136823,0.024637222,-0.4085648,WA,washington,15.8,0.003246353,-5.730223,-0.11246061,8.9,-1.1000004,23.712315,2.7406769,0.043764126,-3.1289408,-0.03569436,8.490233,0.06911087
94,1987,7.1,9.8,111,1898,11013,164,5.8482614,0,9.306831,,,5.0998664,,,,246,2.2337239,5.5053315,,,WV,westvirg,11.3,0.0059536356,-5.123753,,21.6,,34.20216,,0.086406745,-2.4486895,,7.548556,
95,1990,7.1,9.9,109,1793,13722,166,6.079197,1,9.526755,0.23093557,0.21992397,5.1119876,0.012121201,0.0,0.09999943,249,1.8146043,5.5174527,0.012121201,-0.4191196,WV,westvirg,10.2,0.0056887898,-5.1692576,-0.04550457,18.1,-3.5,36.956635,2.7544746,0.09258226,-2.3796577,0.069031715,7.4916453,-0.056910515
96,1987,5.4,8.6,271,4807,14674,181,5.637612,0,9.593833,,,5.198497,,,,487,3.3187952,6.188264,,,WI,wisconsin,25.4,0.0052839606,-5.243079,,9.0,,31.782667,,0.037653424,-3.2793314,,8.477828,
97,1990,5.9,8.2,236,4892,17455,189,4.824203,1,9.767382,-0.81340885,0.1735487,5.241747,0.043250084,0.5,-0.40000057,464,2.6582642,6.1398845,-0.04837942,-0.66053104,WI,wisconsin,23.7,0.0048446446,-5.329881,-0.086802006,9.3,0.3000002,23.272934,-8.509733,0.038634505,-3.2536094,0.025722027,8.495357,0.017528534
98,1987,7.7,9.2,13,490,12836,134,2.6530612,0,9.460009,,,4.89784,,,,308,2.3995013,5.7300997,,,WY,wyoming,3.1,0.0063265306,-5.063003,,10.8,,7.0387335,,0.2734694,-1.2965655,,6.1944056,
99,1990,7.4,8.6,16,454,16467,139,3.524229,1,9.709114,0.8711679,0.24910545,4.934474,0.03663397,-0.2999997,-0.5999994,313,1.9007713,5.7462034,0.016103745,-0.49873006,WY,wyoming,2.9,0.0063876654,-5.053386,0.009616852,11.0,0.19999981,12.420191,5.3814573,0.3061674,-1.1836233,0.11294222,6.1180973,-0.07630825
